Date,Open,High,Low,Close,Volume,Dividends,Stock Splits,Moving_Average,RSI,EMA_short,EMA_long,MACD,Signal
2023-10-26 00:00:00-04:00,122.96551887056602,124.02290583816598,120.97045888485647,121.97796630859375,57061100,0.0,0.0,,,121.97796630859375,121.97796630859375,0.0,0.0
2023-10-27 00:00:00-04:00,122.57647808155141,123.00541626645175,119.91307492929911,121.86823272705078,44566500,0.0,0.0,,,121.9610842191256,121.96983789514611,-0.008753676020518242,-0.0017507352041036485
2023-10-30 00:00:00-04:00,122.90566778759941,125.09026087677694,122.44680491056916,124.15258026123047,28940100,0.0,0.0,,,122.2982374563725,122.13152251485607,0.16671494151643174,0.031942400140003435
2023-10-31 00:00:00-04:00,124.751096539292,125.06033600746238,122.38695536358645,123.77352142333984,26292300,0.0,0.0,,,122.52520422052132,122.25315206363264,0.2720521568886767,0.07996435148973809
2023-11-01 00:00:00-04:00,123.76353866136154,126.17755927617083,123.41440470641795,126.13765716552734,30082400,0.0,0.0,123.58199157714844,,123.0809662120607,122.5408931822915,0.5400730297692036,0.17198608714563118
2023-11-02 00:00:00-04:00,128.1027977872887,128.66141213889097,126.61648025288991,127.17509460449219,27124600,0.0,0.0,124.62141723632813,,123.71083211858863,122.88416736171376,0.8266647568748624,0.3029218210914775
2023-11-03 00:00:00-04:00,127.7037937128492,129.2100585197001,127.54418526122137,128.7811279296875,26380100,0.0,0.0,126.00399627685547,,124.49087762798845,123.32097925563774,1.1698983723507155,0.4763171313433251
2023-11-06 00:00:00-05:00,128.73123560644035,130.01804246983335,128.35216937673005,129.9282684326172,19052700,0.0,0.0,127.15913391113281,,125.32739929023903,123.81040808356215,1.5169912066768774,0.6844519464100356
2023-11-07 00:00:00-05:00,130.38714732466838,131.58418022837037,129.55919563415722,130.64649963378906,29757300,0.0,0.0,128.53372955322266,,126.14572242001596,124.31678523543081,1.8289371845851434,0.9133489940450572
2023-11-08 00:00:00-05:00,130.64649708714379,131.8834396888141,130.45696396370812,131.51434326171875,26425800,0.0,0.0,129.60906677246095,,126.97166408797024,124.84993768182252,2.1217264061477152,1.1550244764655888
2023-11-09 00:00:00-05:00,131.63405715227634,132.22259616190166,129.74872618064185,129.91830444335938,23747800,0.0,0.0,130.15770874023437,,127.42499337341472,125.22537225675117,2.1996211166635504,1.363943804505181
2023-11-10 00:00:00-05:00,129.77865702915878,132.47198494220206,129.09035890470446,132.2624969482422,26913300,0.0,0.0,130.8539825439453,,128.16922469261894,125.74664075241718,2.4225839402017613,1.575671831644497
2023-11-13 00:00:00-05:00,131.45448582522138,132.26248258930508,130.92579620869506,131.7637176513672,18324800,0.0,0.0,131.2210723876953,,128.72222360934944,126.1923501523394,2.5298734570100407,1.766512156717606
2023-11-14 00:00:00-05:00,133.85854688936197,135.36481163948176,132.99070070060876,133.28994750976562,32395200,0.0,0.0,131.74976196289063,84.32199270172346,129.42495036325963,126.71809810474134,2.706852258518282,1.9545801770777413
2023-11-15 00:00:00-05:00,134.53687335794058,134.6964818194617,133.24009646610827,134.28749084472656,23861500,0.0,0.0,132.30439147949218,85.21686707015111,130.17303351425454,127.27879386325877,2.8942396509957717,2.1425120718613475
2023-11-16 00:00:00-05:00,134.85607401629477,136.88105856167562,133.98822784573122,136.59176635742188,28013200,0.0,0.0,133.6390838623047,87.42391951457421,131.16053087474182,127.96864367764123,3.1918871971005984,2.352387096909198
2023-11-17 00:00:00-05:00,135.66408244956176,135.72393181526644,133.31988081879473,134.9757843017578,37240600,0.0,0.0,134.1817413330078,78.47773623296749,131.7474929404366,128.4876911312795,3.2598018091570964,2.533870039358778
2023-11-20 00:00:00-05:00,133.3597779783087,136.32244307035154,133.28994357749957,135.9134521484375,27815500,0.0,0.0,135.01168823242188,81.0301138586309,132.3884097416675,129.0377475029208,3.350662238746679,2.6972284792363586
2023-11-21 00:00:00-05:00,135.95333986137373,136.84114084059354,135.62416839744438,136.6316680908203,22635300,0.0,0.0,135.6800323486328,79.28733708508732,133.04121871846024,129.6002601390615,3.440958579398739,2.8459744992688347
2023-11-22 00:00:00-05:00,137.13043396063054,139.0756141843875,137.13043396063054,138.14791870117188,17813900,0.0,0.0,136.45211791992188,79.82649479841095,133.82686486964664,130.23342003255115,3.5934448370954897,2.9954685668341656
2023-11-24 00:00:00-05:00,137.68905769492272,137.78881677830012,135.6541032954757,136.3523712158203,12514300,0.0,0.0,136.40423889160155,70.3703946984893,134.21540430751952,130.68667567575628,3.5287286317632436,3.1021205798199816
2023-11-27 00:00:00-05:00,135.69399284434908,138.07808872751622,135.66406816464772,136.07305908203125,23436500,0.0,0.0,136.62369384765626,67.34238094540856,134.5011973497521,131.08566703918405,3.4155303105680446,3.1648025259695944
2023-11-28 00:00:00-05:00,135.74388576008332,136.91099404673662,135.08551229958144,136.86111450195312,18730000,0.0,0.0,136.81322631835937,67.47058858855252,134.86426152701378,131.5134779623521,3.3507835646616684,3.201998733708009
2023-11-29 00:00:00-05:00,137.2301994748501,137.94840701946194,134.50693181273968,134.6565704345703,23967200,0.0,0.0,136.41820678710937,58.215989039443166,134.83230905125325,131.74629962696088,3.086009424292371,3.1788008718248815
2023-11-30 00:00:00-05:00,134.71641633416107,135.21518128525304,130.95572434102007,132.20263671875,38988300,0.0,0.0,135.229150390625,55.716395661059195,134.427744077022,131.7801023745008,2.6476417025211845,3.072569037964142
2023-12-01 00:00:00-05:00,131.5343017578125,131.78368424899438,130.3472386644109,131.5343017578125,31431200,0.0,0.0,134.26553649902343,48.01090349820567,133.9825991048359,131.7618949214128,2.2207041834231234,2.9021960670559386
2023-12-04 00:00:00-05:00,129.55919272122895,129.70881612291547,127.58408010292332,128.95069885253906,36669900,0.0,0.0,132.841064453125,43.101794130721444,133.20846060448255,131.5536581755703,1.6548024289122623,2.6527173394272037
2023-12-05 00:00:00-05:00,128.63148843798865,131.81361152344792,127.93322049316208,130.6664581298828,27384800,0.0,0.0,131.60213317871094,43.62581719579407,132.81738330069797,131.48793965366752,1.3294436470304447,2.3880626009478516
2023-12-06 00:00:00-05:00,131.11534328716183,131.5143491915759,129.55919895040762,129.6988525390625,23576200,0.0,0.0,130.61058959960937,38.834934154102044,132.33760933736943,131.3554146822153,0.9821946551541316,2.1068890117891077
2023-12-07 00:00:00-05:00,134.70643539375354,138.21774501822378,134.36727886975154,136.59176635742188,56767100,0.0,0.0,131.48841552734376,50.0,132.9920950327621,131.74329258408244,1.248802448679669,1.93527169916722
2023-12-08 00:00:00-05:00,133.8685132677857,136.06307606474635,133.69893500658995,134.6565704345703,32233900,0.0,0.0,132.1128692626953,49.3730317332256,133.24816817150185,131.95909094337784,1.2890772281240004,1.8060328049585763
2023-12-11 00:00:00-05:00,132.05301374864487,133.0106339340213,131.0355289832213,132.96075439453125,31138000,0.0,0.0,132.91488037109374,44.36832375648416,133.20395066735253,132.03328823605588,1.1706624312966483,1.6789587302261908
2023-12-12 00:00:00-05:00,131.48441977042182,132.67148284175016,130.9357752558038,132.1926727294922,29032800,0.0,0.0,133.22012329101562,41.549584616278395,133.04836944614325,132.04509449482893,1.0032749513143244,1.5438219744438177
2023-12-13 00:00:00-05:00,133.05055054076414,133.1702492648572,131.24502375389739,132.2425537109375,30104800,0.0,0.0,133.72886352539064,38.093342357863655,132.92439779457314,132.05972110342955,0.8646766911435861,1.4079929177837716
2023-12-14 00:00:00-05:00,133.05055080093186,133.3897073339249,129.3696628168803,131.61410522460938,38722400,0.0,0.0,132.73333129882812,39.97467574689436,132.722814322271,132.02671251981326,0.696101802457747,1.2656146947185667
2023-12-15 00:00:00-05:00,131.29488589542592,133.18021687409205,130.85597028623823,132.27247619628906,50815200,0.0,0.0,132.2565124511719,42.08559599124276,132.6535315336584,132.04491723658924,0.6086142970691526,1.1342146151886838
2023-12-18 00:00:00-05:00,132.30240100396335,136.81122538008174,132.10288283879615,135.46456909179688,32258000,0.0,0.0,132.757275390625,47.356487702081786,133.08599885029508,132.29822478141944,0.7877740688756489,1.0649265059260768
2023-12-19 00:00:00-05:00,136.50198733928144,137.13043604462203,135.74387009778516,136.3124542236328,25476800,0.0,0.0,133.58123168945312,53.304112298410175,133.58237660003937,132.59557511047228,0.9868014895670854,1.0493015026542787
2023-12-20 00:00:00-05:00,138.6267244329091,141.34997666073016,137.7289536566025,137.99827575683594,49107200,0.0,0.0,134.7323760986328,61.93018594006874,134.26174570108498,132.99577515835108,1.2659705427338963,1.0926353106702023
2023-12-21 00:00:00-05:00,139.14545510804152,140.34248797717854,138.8362080447014,140.07315063476562,27488300,0.0,0.0,136.42418518066407,66.61490609464406,135.1558079985743,133.52002519364106,1.6357828049332284,1.2012648095228076
2023-12-22 00:00:00-05:00,140.42229540636433,141.6392831637712,140.36244604470482,141.14051818847656,26514600,0.0,0.0,138.19779357910156,75.20628926690007,136.07653264317463,134.08450615622147,1.992026486953165,1.3594171450088792
2023-12-26 00:00:00-05:00,141.24025985431203,142.32756383048087,140.84125396872128,141.17044067382812,16780300,0.0,0.0,139.3389678955078,73.34812116525401,136.8602108017367,134.6093901945627,2.2508206071740062,1.5376978374419048
2023-12-27 00:00:00-05:00,141.24025737039815,141.7290525095847,139.5444595548122,140.0232696533203,19628600,0.0,0.0,140.0811309814453,72.76724095580411,137.3468352404419,135.01041830261883,2.33641693782306,1.697441657518136
2023-12-28 00:00:00-05:00,140.43226573485117,140.7913771272078,139.40481109971117,139.8836212158203,16045700,0.0,0.0,140.45820007324218,60.33836478107979,137.73711000588472,135.37139629618932,2.365713709695399,1.8310960679535886
2023-12-29 00:00:00-05:00,139.2851060851628,140.01329865693364,138.43719957394714,139.34495544433594,18727200,0.0,0.0,140.31256103515625,66.14007698708197,137.98447084256952,135.66573401086686,2.3187368317026653,1.9286242207034041
2024-01-02 00:00:00-05:00,138.2077710677741,139.1055418917938,136.1428768629911,137.82870483398438,23711200,0.0,0.0,139.65019836425782,66.96802399795762,137.96050684124873,135.8259540718385,2.13455276941022,1.9698099304447676
2024-01-03 00:00:00-05:00,136.91098533422976,139.28511148072258,136.7414070696373,138.5768585205078,24212100,0.0,0.0,139.13148193359376,72.28406410914661,138.05533017651936,136.02972477173995,2.0256054047794123,1.9809690253116967
2024-01-04 00:00:00-05:00,138.07810052337078,138.81627820162967,136.01322134208277,136.05311584472656,27137700,0.0,0.0,138.337451171875,61.34202802976835,137.7472972023974,136.03145744381305,1.7158397585843375,1.927943171966225
2024-01-05 00:00:00-05:00,136.4122143782923,136.82120529201478,134.81616044337932,135.3947296142578,22506000,0.0,0.0,137.4396728515625,61.23290018796533,137.385363727299,135.98429241940156,1.401071307897439,1.822568799152468
2024-01-08 00:00:00-05:00,135.9533506287487,138.66663331922854,135.92342594783966,138.49705505371094,21404000,0.0,0.0,137.2700927734375,66.1490225885371,137.5563931621316,136.17042298490594,1.3859701772256585,1.735249074767106
2024-01-09 00:00:00-05:00,138.15790692712233,141.14052714832192,137.80876533381232,140.6018524169922,24759600,0.0,0.0,137.82472229003906,64.12504730347138,138.02492535518707,136.49867701691232,1.5262483382747405,1.693448927468633
2024-01-10 00:00:00-05:00,140.65172124675934,142.6467811225999,140.56194720541023,141.92855834960938,21320200,0.0,0.0,138.49506225585938,65.04541950189387,138.6254842774059,136.90089044896396,1.7245938284419253,1.6996779076632915
2024-01-11 00:00:00-05:00,143.13558590156464,144.86130854836114,140.29261929878493,141.72906494140625,24008700,0.0,0.0,139.6302520751953,60.85951969584586,139.10295822571365,137.25853300395968,1.8444252217539656,1.7286273704814266
2024-01-12 00:00:00-05:00,142.31759279989257,142.84628244329673,141.46970149495132,142.29763793945312,18768600,0.0,0.0,141.01083374023438,57.0973722235421,139.5944474124428,137.63180003621846,1.9626473762243393,1.7754313716300092
2024-01-16 00:00:00-05:00,141.6492511157099,143.99345255712072,141.1006066059011,142.13804626464844,22670500,0.0,0.0,141.73903198242186,53.37837558499116,139.98577031278214,137.9655960531392,2.0201742596429426,1.824379949232596
2024-01-17 00:00:00-05:00,141.0008762179937,141.48965619253815,138.55691546087,141.12057495117188,20968600,0.0,0.0,141.8427764892578,49.841705933411866,140.16035564176516,138.19929819373422,1.9610574480309424,1.8517154489922656
2024-01-18 00:00:00-05:00,141.69913454918552,143.8538029262953,141.63928518667123,143.12559509277344,25746400,0.0,0.0,142.08218383789062,59.339388282332365,140.61654632653565,138.56420907514453,2.0523372513911227,1.8918398094720372
2024-01-19 00:00:00-05:00,144.3824841790021,146.08825179568709,144.0233728037371,146.0184326171875,33300700,0.0,0.0,142.94005737304687,65.8423890129237,141.4476057558667,139.11637378196252,2.331231973904181,1.979718242358466
2024-01-22 00:00:00-05:00,146.73665332111548,148.02346018556003,145.47975591466923,145.62939453125,32200400,0.0,0.0,143.60640869140624,66.35517507304803,142.09095787515645,139.59881976339125,2.4921381117652004,2.082202216239813
2024-01-23 00:00:00-05:00,145.5296501844543,146.8164571791531,145.14061409572213,146.6768035888672,21636100,0.0,0.0,144.51416015625,73.60305508813661,142.79647260034272,140.12311486157466,2.673357738768061,2.2004333207454625
2024-01-24 00:00:00-05:00,148.1730941893782,149.47987122824236,147.73419379084058,148.33270263671875,25233500,0.0,0.0,145.9565856933594,74.8224001391448,143.64820029824673,140.7312324745483,2.916967823698428,2.3437402213360556
2024-01-25 00:00:00-05:00,149.69931618353345,152.6719509597727,149.17061134447977,151.49485778808594,29149100,0.0,0.0,147.63043823242188,88.05314859074112,144.8553783736066,141.52853805332887,3.3268403202777392,2.5403602411243926
2024-01-26 00:00:00-05:00,150.72678291168398,152.16321326709544,150.63699364732764,151.8140869140625,26115500,0.0,0.0,148.78956909179686,91.15014466771551,145.92594891829214,142.29043056153137,3.6355183567607696,2.759391864251668
2024-01-29 00:00:00-05:00,151.68439824884936,153.40015094080312,151.05594952415154,153.1308135986328,27784300,0.0,0.0,150.28985290527345,90.28021148163144,147.03438963834455,143.09342189761293,3.9409677407316224,2.995707039547659
2024-01-30 00:00:00-05:00,152.42257819294665,153.24054483047487,150.81655437736543,151.0858917236328,36331800,0.0,0.0,151.17167053222656,78.95332118590787,147.6576976514658,143.68545669954034,3.972240951925471,3.1910138220232214
2024-01-31 00:00:00-05:00,143.2652464897419,143.6443127413388,139.52450917876953,139.7539520263672,71910000,0.0,0.0,149.45592041015624,46.13201233066104,146.44173678606603,143.39423413115713,3.0475026549088966,3.1623115886003568
2024-02-01 00:00:00-05:00,141.76896062099368,142.70664126888195,140.44224387675817,140.81134033203125,40466500,0.0,0.0,147.3192169189453,48.415979267406215,145.57552194698377,143.20290866455522,2.3726132824285457,3.004371927365995
2024-02-02 00:00:00-05:00,138.91601649271684,142.2677177609531,136.16283928781175,142.0283203125,62470600,0.0,0.0,145.3620635986328,49.545326679560674,145.02979861860166,143.11590211995855,1.913896498643112,2.7862768416214188
2024-02-05 00:00:00-05:00,142.46724256803583,145.11069099187745,142.4273328440345,143.32510375976562,38505400,0.0,0.0,143.4009216308594,51.92993632785425,144.76753787108842,143.13139853772202,1.6361393333664012,2.5562493399704156
2024-02-06 00:00:00-05:00,144.29269359785016,145.0009465224218,142.83630847118485,143.7440643310547,29128200,0.0,0.0,141.93255615234375,54.349965616820086,144.61008040339092,143.17678118908,1.4332992143109209,2.3316593148385167
2024-02-07 00:00:00-05:00,144.40242410471734,145.26030043504863,143.57447245395934,145.1804962158203,25208900,0.0,0.0,143.0178649902344,53.47267706862424,144.6978366822262,143.32520452439408,1.372632157832129,2.1398538834372394
2024-02-08 00:00:00-05:00,145.4697868460845,145.96855179506466,144.741594282481,145.54959106445312,22563800,0.0,0.0,143.96551513671875,49.1337946930477,144.82887581795342,143.48997389773177,1.3389019202216446,1.9796634907941204
2024-02-09 00:00:00-05:00,146.31769630961094,149.07088891162394,145.8189312986492,148.63197326660156,26829500,0.0,0.0,145.28624572753907,55.04528208423222,145.41396773313005,143.87086273987026,1.5431049932597887,1.892351791287254
2024-02-12 00:00:00-05:00,148.05338940187258,148.9711151048525,147.0059799381014,147.16558837890625,21564100,0.0,0.0,146.0543426513672,50.80990934820413,145.68344783248023,144.11491649090996,1.5685313415702637,1.8275877013438562
2024-02-13 00:00:00-05:00,144.562036337262,146.3077137233139,143.33507877925894,144.781494140625,27837700,0.0,0.0,146.26182861328124,44.254353697495176,145.54468572604097,144.16429261311106,1.3803931129299087,1.7381487836610667
2024-02-14 00:00:00-05:00,145.71916712457062,146.15808270843436,143.73407717794973,145.5795135498047,22704200,0.0,0.0,146.3416320800781,39.636507313588766,145.55004385277385,144.26912379360687,1.2809200591669878,1.646703038762251
2024-02-15 00:00:00-05:00,142.78643961741403,143.16550587761657,140.11306659794184,142.4173583984375,37590700,0.0,0.0,145.715185546875,35.02859965730978,145.0680922444144,144.13195598655727,0.9361362578571288,1.5045896825812266
2024-02-16 00:00:00-05:00,142.6368127876563,142.8363157330974,139.79384634654883,140.17291259765625,31451100,0.0,0.0,144.02337341308595,29.947526927220125,144.31498768337468,143.83869351330534,0.4762941700693375,1.2989305800788489
2024-02-20 00:00:00-05:00,139.31503811941707,141.72905880046483,139.14545985244132,140.77142333984375,25144700,0.0,0.0,142.74454040527343,33.29022210686344,143.76982393821606,143.61148831527115,0.158335622944918,1.0708115886520628
2024-02-21 00:00:00-05:00,141.10061739065387,142.33756008721167,140.33251501821314,142.19790649414062,23315700,0.0,0.0,142.22782287597656,55.830568521111225,143.52799048528138,143.50677855074298,0.021211934538399646,0.8608916578293303
2024-02-22 00:00:00-05:00,144.57200657768715,144.6418409794599,142.44727816054302,143.7340850830078,27191900,0.0,0.0,141.85873718261718,56.81708661680745,143.55969734647005,143.5236160716515,0.0360812748185424,0.6959295812271727
2024-02-23 00:00:00-05:00,143.31512368908557,144.32262344211176,143.07571102550065,143.6044158935547,19493800,0.0,0.0,142.0961486816406,53.87254795366934,143.5665771229446,143.52960124364435,0.036975879300257475,0.5641388408417897
2024-02-26 00:00:00-05:00,141.78889776809217,142.08815977891572,137.0506307968635,137.23019409179688,53641800,0.0,0.0,141.50760498046876,38.01490170944788,142.59174896430648,143.06297849165566,-0.47122952734918044,0.35706516720359566
2024-02-27 00:00:00-05:00,137.67909563225442,138.90605327721158,136.75138481209174,138.53697204589844,33099200,0.0,0.0,141.0607147216797,40.1061713934488,141.96793713070525,142.7277187549329,-0.7597816242276565,0.1336958089173452
2024-02-28 00:00:00-05:00,137.55937112966785,137.669100030709,135.07553134779843,136.0431365966797,37328600,0.0,0.0,139.8297607421875,33.309084057466876,141.0564293562398,142.2325645209882,-1.1761351647484162,-0.12827038581580708
2024-02-29 00:00:00-05:00,136.94090302256035,138.51700208612297,136.06307184257653,138.1179962158203,42133000,0.0,0.0,138.70654296875,37.22128378821582,140.60436271925218,141.92778168356836,-1.3234189643161756,-0.3673001015158808
2024-03-01 00:00:00-05:00,138.08806118752165,138.52697679299936,136.58179646972206,136.80125427246094,31119500,0.0,0.0,137.34591064453124,28.341836392646925,140.01926911205354,141.5480389123752,-1.528769800321669,-0.5995940412770384
2024-03-04 00:00:00-05:00,135.32492171789025,135.32492171789025,131.58418426585501,133.0206298828125,55999400,0.0,0.0,136.50399780273438,26.127955665658916,138.942555384478,140.91637898425947,-1.9738235997814684,-0.8744399529779244
2024-03-05 00:00:00-05:00,131.55425842934372,132.91089980888594,130.34724045812987,132.34230041503906,40194800,0.0,0.0,135.2650634765625,27.724187229242645,137.92713154302584,140.2812620532061,-2.354130510180255,-1.1703780644183905
2024-03-06 00:00:00-05:00,132.79117685864767,133.2500473149118,130.52679492025942,131.07542419433594,35318600,0.0,0.0,134.27152099609376,24.455375513020897,136.87302272015046,139.59934813773424,-2.72632541758378,-1.4815675350514685
2024-03-07 00:00:00-05:00,132.4619962452394,134.60669478467972,131.28491820252916,134.04808044433594,37738200,0.0,0.0,133.45753784179686,35.16096549537397,136.438416216179,139.18814312340842,-2.749726907229416,-1.7351994094870582
2024-03-08 00:00:00-05:00,133.87849813823098,137.74890390285947,133.66901015637413,135.07553100585938,39343100,0.0,0.0,133.11239318847657,40.55453264358405,136.22874156843753,138.88350518877516,-2.654763620337633,-1.919112251657173
2024-03-11 00:00:00-04:00,135.79376652086037,138.75643189854856,135.79376652086037,137.3299560546875,32437800,0.0,0.0,133.97425842285156,43.991669215203416,136.39815918170677,138.76842747513905,-2.370268293432275,-2.0093434600121935
2024-03-12 00:00:00-04:00,136.69152770636583,139.03572917517127,136.69152770636583,138.15789794921875,27563400,0.0,0.0,135.1373779296875,42.796141631676676,136.66888822286248,138.72320306581162,-2.0543148429491396,-2.018337736599583
2024-03-13 00:00:00-04:00,138.65667537396806,140.7415095017068,138.6467055531776,139.44471740722656,23347200,0.0,0.0,136.8112365722656,42.28287522387535,137.0959388666108,138.7766485725831,-1.6807097059723048,-1.9508121304741275
2024-03-14 00:00:00-04:00,140.84125047311264,143.2353161694354,140.1130579004884,142.7465362548828,42753400,0.0,0.0,138.550927734375,48.61468665731002,137.96526154172957,139.07071432682753,-1.1054527850979525,-1.7817402613988926
2024-03-15 00:00:00-04:00,142.14801512520248,142.8263281719532,139.68411497867774,140.83126831054688,49460600,0.0,0.0,139.7020751953125,56.79334528501538,138.40618566000916,139.20112573302896,-0.7949400730198022,-1.5843802237230746
2024-03-18 00:00:00-04:00,148.24292683515762,151.77417616937356,146.8064812683243,147.31521606445312,69273700,0.0,0.0,141.69912719726562,63.85385436007099,139.7768057222313,139.8021694612826,-0.025363739051300627,-1.27257692678872
2024-03-19 00:00:00-04:00,147.79403803209232,148.42247153743352,145.7191739518592,146.6668243408203,24070400,0.0,0.0,143.40091247558593,67.80338171020722,140.83680858662962,140.31066241532244,0.5261461713071753,-0.9128323071695409
2024-03-20 00:00:00-04:00,147.63442675673804,148.4923030886279,146.37754454908017,148.3726043701172,21311500,0.0,0.0,145.18648986816407,67.40011412865053,141.99616178408922,140.9078433008628,1.0883184832264305,-0.5126021490903467
2024-03-21 00:00:00-04:00,149.1008040067381,149.99857488029843,146.5371447091215,147.2354278564453,24755600,0.0,0.0,146.08426818847656,67.8133528117846,142.80220271829785,141.376553267943,1.4256494503548538,-0.12495182920130665
2024-03-22 00:00:00-04:00,148.7516646787602,151.20559510922394,148.61201109140694,150.39759826660156,29175700,0.0,0.0,147.9975341796875,80.3061439014719,143.97072511034457,142.04477882339918,1.9259462869453898,0.28522779402803267
2024-03-25 00:00:00-04:00,149.5696417984335,150.00855740787728,147.45488319413062,149.69932556152344,19229300,0.0,0.0,148.47435607910157,80.25031885550288,144.85204825667978,142.61178228548246,2.240265971197317,0.6762354294618895
2024-03-26 00:00:00-04:00,149.84895086874704,151.88390527709623,149.60953820025338,150.29783630371094,22149100,0.0,0.0,149.2005584716797,84.30046396131478,145.68986180237687,143.18111962016604,2.508742182210824,1.0427367800116765
2024-03-27 00:00:00-04:00,150.80656154259938,151.26543198952152,148.53219460990294,150.49732971191406,22879200,0.0,0.0,149.62550354003906,82.57603869896255,146.42947224999799,143.7230611084437,2.706411141554298,1.375471652320201
2024-03-28 00:00:00-04:00,150.47740093896968,151.0559549226808,149.79907264946468,150.55718994140625,24485400,0.0,0.0,150.28985595703125,81.88166711286911,147.06450574098386,144.22929287384832,2.8352128671355388,1.6674198952832686
2024-04-01 00:00:00-04:00,150.3177948334198,155.35532426698288,150.23799060864084,155.10594177246094,31730800,0.0,0.0,151.2315246582031,83.44594264820131,148.3016497458265,145.03497057004185,3.2666791757846454,1.987271751383544
2024-04-02 00:00:00-04:00,153.1208433719239,154.31787623680066,151.7741718857509,154.17822265625,24586000,0.0,0.0,152.12730407714844,80.02987233039644,149.20573788589166,145.71224850235356,3.4934893835381047,2.288515277814456
2024-04-03 00:00:00-04:00,153.22060663585313,154.69694670213661,152.35274522771766,154.53733825683594,24705000,0.0,0.0,152.97520446777344,79.31029782351533,150.02598409680618,146.36595885453744,3.6600252422687447,2.562817270705314
2024-04-04 00:00:00-04:00,153.12085314806671,154.38772049465243,150.07838364064415,150.15818786621094,34724700,0.0,0.0,152.90737609863282,63.81553797914799,150.04632313825306,146.646864707254,3.3994584309990614,2.7301455027640635
2024-04-05 00:00:00-04:00,149.6594212716659,153.04104728575675,149.2304906875689,152.12332153320312,23449300,0.0,0.0,153.2206024169922,71.0096639752893,150.36586135286075,147.0525281758428,3.313333177017938,2.8467830376148386
2024-04-08 00:00:00-04:00,152.4026348545412,154.88649007768907,152.2330565780998,154.467529296875,20702000,0.0,0.0,153.092919921875,65.7306168693007,150.9968871904014,147.6017875181415,3.395099672259903,2.9564463645438517
2024-04-09 00:00:00-04:00,155.7044457862683,158.16834597323773,154.80667492233815,156.21319580078125,31113000,0.0,0.0,153.49991455078126,70.02930613546388,151.7993962073829,148.23966961315185,3.5597265942310514,3.0771024104812916
2024-04-10 00:00:00-04:00,155.82416790217906,156.22317381349558,154.2979329996987,155.75433349609375,22838600,0.0,0.0,153.74331359863282,66.34276328635586,152.40784809795377,148.79631138225866,3.6115367156951095,3.183989271524055
2024-04-11 00:00:00-04:00,156.52244079204263,159.28558801827498,156.07355532238506,159.01626586914062,27166400,0.0,0.0,155.51492919921876,73.83931146364614,153.42452775505944,149.55334504795363,3.8711827071058167,3.321427958640408
2024-04-12 00:00:00-04:00,157.56985119268046,159.82426359457074,156.7518692569864,157.3404083251953,25329200,0.0,0.0,156.5583465576172,64.94843328655008,154.02697091969574,150.1301645499715,3.8968063697242314,3.4365036408571727
2024-04-15 00:00:00-04:00,158.46761320547387,158.8466794685631,154.20815592966943,154.4774932861328,27136500,0.0,0.0,156.56033935546876,59.410593025254634,154.09628205299373,150.4521889007983,3.6440931521954383,3.478021543124826
2024-04-16 00:00:00-04:00,153.80914296032955,155.26552814016836,153.05101046897894,154.01861572265625,20779500,0.0,0.0,156.12142333984374,57.36859695531852,154.08433338678796,150.71636866538037,3.3679647214075885,3.4560101787813786
2024-04-17 00:00:00-04:00,155.23560668113393,156.69200711229337,154.19818222551973,155.0859832763672,21763100,0.0,0.0,155.98775329589844,58.78533450189892,154.23843336980016,151.04004382174978,3.198389548050386,3.4044860526351806
2024-04-18 00:00:00-04:00,154.95630577770135,156.55235985821815,154.23808296357876,155.62464904785156,19883000,0.0,0.0,155.30942993164064,59.52736822234934,154.4516973202696,151.37964420886843,3.072053111401175,3.3379994643883792
2024-04-19 00:00:00-04:00,155.81418530285373,155.97379375832193,151.92382433269205,153.7093963623047,32239100,0.0,0.0,154.5832275390625,47.0857612288176,154.33749717289038,151.5522184424563,2.7852787304340723,3.227455317597518
2024-04-22 00:00:00-04:00,153.92883161562588,157.25060790518552,153.6794491484316,155.8939666748047,26446200,0.0,0.0,154.86652221679688,53.4018814528587,154.57695401933876,151.87382942263025,2.7031245967085056,3.122589173419716
2024-04-23 00:00:00-04:00,156.57230287129568,158.5773325300142,155.89397461102413,157.86907958984375,21151600,0.0,0.0,155.63661499023436,56.208158356387166,155.08343487633954,152.31792202760903,2.765512848730509,3.051173908481875
2024-04-24 00:00:00-04:00,157.1010051445604,159.17586937062967,156.78178823850365,158.73695373535156,22779100,0.0,0.0,156.36680908203124,68.39176943962838,155.64551470080292,152.7934058578122,2.852108842990731,3.011360895383646
2024-04-25 00:00:00-04:00,150.95620683168855,156.1034649473612,150.49733636448255,155.6146697998047,57109700,0.0,0.0,156.36481323242188,57.13118305039317,155.6407693314186,153.00238837203386,2.638380959384733,2.936764908183864
2024-04-26 00:00:00-04:00,173.93930463420028,174.27847640887566,169.23096172434404,171.52528381347656,64665300,0.0,0.0,159.92799072265626,72.41736394835429,158.08454079019674,154.3744547010296,3.7100860891671346,3.091429144380518
2024-04-29 00:00:00-04:00,168.64240928543177,169.13120443581406,164.80192814762438,165.73959350585938,45610000,0.0,0.0,161.8971160888672,61.31780837810989,159.262241207991,155.2163168347207,4.04592437327031,3.2823281901584767
2024-04-30 00:00:00-04:00,165.20094137065857,167.684796512092,162.19838159638655,162.3779296875,33562900,0.0,0.0,162.79888610839845,57.361403456408915,159.74157789714621,155.7468066756673,3.9947712214789135,3.424816796422564
2024-05-01 00:00:00-04:00,163.89417685193956,166.70720344784903,162.6871588928948,163.45526123046875,33493200,0.0,0.0,163.74254760742187,55.18524829531357,160.31291379458045,156.31780330935632,3.9951104852241315,3.538875534182878
2024-05-02 00:00:00-04:00,164.38295342729234,166.31816396171348,163.4851825625666,166.20843505859375,24294500,0.0,0.0,165.86130065917968,60.104540945145565,161.2199170659671,157.0504426981887,4.169474367778406,3.6649953009019836
2024-05-03 00:00:00-04:00,167.14612123471488,167.5451423599029,162.64726649855453,166.82691955566406,34662400,0.0,0.0,164.9216278076172,64.8298836084318,162.0825328336128,157.77462616911282,4.307906664499967,3.7935775736215804
2024-05-06 00:00:00-04:00,167.04638060277676,167.7246936970772,165.619904786904,167.68479919433594,21871300,0.0,0.0,165.3106689453125,66.2553464429706,162.94441996603172,158.50871305987008,4.435706906161641,3.9220034401295925
2024-05-07 00:00:00-04:00,168.0837886169879,171.3357306204274,167.97405971883913,170.82699584960938,28039700,0.0,0.0,167.00048217773437,67.84258581833339,164.15712394812059,159.42117845170262,4.735945496417969,4.084791851387268
2024-05-08 00:00:00-04:00,168.5825731265148,169.72972655934984,168.32322080130083,168.96163940429688,19569100,0.0,0.0,168.1017578125,64.6761978930019,164.8962801721477,160.1278792630059,4.768400909141803,4.221513662938175
2024-05-09 00:00:00-04:00,168.97159229070203,170.26838422900883,167.76457439199913,169.54019165039062,15346700,0.0,0.0,168.7681091308594,67.94842828617783,165.61072809187738,160.82508758799736,4.785640503880018,4.334339031126544
2024-05-10 00:00:00-04:00,167.61495002113764,169.43046176846389,165.77949863474737,168.23341369628906,29799900,0.0,0.0,169.04940795898438,64.27417037401568,166.0142181848638,161.37385248490784,4.640365699955964,4.395544364892428
2024-05-13 00:00:00-04:00,163.85427757698633,168.86188259954247,163.59492524826206,168.72222900390625,31327600,0.0,0.0,169.25689392089845,63.00192742470905,166.43083523394725,161.9181766715003,4.512658562446944,4.418967204403332
2024-05-14 00:00:00-04:00,169.35066632352667,170.8270064089782,168.3830610403397,169.91925048828125,25127100,0.0,0.0,169.07534484863282,63.29142162348236,166.9675145038448,162.51084880607667,4.4566656977681305,4.426506903076292
2024-05-15 00:00:00-04:00,170.20854679438895,172.22354641180004,170.0888328454311,172.08389282226562,26948400,0.0,0.0,169.69979553222657,70.03155452332848,167.75464962975568,163.2199631776462,4.534686452109469,4.448142812882928
2024-05-16 00:00:00-04:00,172.86195483073303,174.68743642872468,172.26344600553662,173.749755859375,27867900,0.0,0.0,170.54170837402344,54.14033216265848,168.6769736650817,163.99994782073722,4.6770258443444845,4.493919419175239
2024-05-17 00:00:00-04:00,173.7497608774507,175.8346100588957,173.26098093925532,175.6251220703125,24479300,0.0,0.0,172.02005004882812,71.53416705667121,169.74591957357873,164.86107183922428,4.884847734354452,4.572105082211082
2024-05-20 00:00:00-04:00,175.75480908766292,178.32843825492307,175.64508018134603,176.48300170898438,22554400,0.0,0.0,173.57220458984375,84.48784033046603,170.78239374825654,165.72195553328058,5.06043821497596,4.669771708764058
2024-05-21 00:00:00-04:00,176.46303994840218,177.70995237093499,175.37573596901734,177.41070556640625,16989400,0.0,0.0,175.07049560546875,84.37350134775346,171.80213402797187,166.58778886906768,5.2143451589041945,4.778686398792086
2024-05-22 00:00:00-04:00,176.20368824267223,176.71242303319818,174.77722773257653,175.9443359375,17880000,0.0,0.0,175.84258422851562,75.60339638692487,172.43939586020696,167.2808664296923,5.158529430514648,4.854655005136599
2024-05-23 00:00:00-04:00,176.63264782040596,177.80972593703075,172.5228137906157,173.121337890625,21024900,0.0,0.0,175.71690063476564,64.83313616276101,172.5443100187328,167.71349394531694,4.8308160734158605,4.8498872187924515
2024-05-24 00:00:00-04:00,174.5477999923981,175.33585723813047,173.22108322896912,174.5577850341797,16572500,0.0,0.0,175.50343322753906,65.76662918941321,172.85407540572464,168.22047847041787,4.63359693530677,4.806629162095316
2024-05-28 00:00:00-04:00,174.0190987934955,176.8321405919267,173.93929457001877,175.9642791748047,20572200,0.0,0.0,175.39968872070312,62.804610431050804,173.33256829327541,168.7940933374095,4.538474955865922,4.7529983208494375
2024-05-29 00:00:00-04:00,174.99665961644314,176.40318040090278,174.28842192515785,175.4654998779297,23388700,0.0,0.0,175.01064758300782,67.39585229420028,173.66071161399145,169.28827159967025,4.372440014321199,4.67688665954379
2024-05-30 00:00:00-04:00,174.76725482700914,174.78720968913078,171.36567383752453,171.6848907470703,22958700,0.0,0.0,174.15875854492188,54.897519862909164,173.35673917292667,169.4657989439221,3.8909402290045705,4.519697373435946
2024-05-31 00:00:00-04:00,171.435495025454,172.63252790175056,169.021474412278,172.07391357421875,37638900,0.0,0.0,173.94927368164062,59.153631579521615,173.15938138851007,169.65899262024035,3.5003887682697155,4.315835652402701
2024-06-03 00:00:00-04:00,172.1138150394902,174.0989051676091,170.73723402553534,172.7422637939453,27459100,0.0,0.0,173.58616943359374,59.50023835607151,173.0952094508847,169.88738307755185,3.207826373332864,4.094233796588734
2024-06-04 00:00:00-04:00,172.85199820880138,173.42059761830595,171.46543210941118,173.36073303222656,26879600,0.0,0.0,173.06546020507812,58.361639102371605,173.13605923262963,170.14466825937959,2.9913909732500485,3.873665231920997
2024-06-05 00:00:00-04:00,174.76724236209407,176.21365773019824,173.50037507697851,174.9767303466797,22068500,0.0,0.0,172.96770629882812,57.221135834369996,173.41923940402194,170.50259878436478,2.9166406196571586,3.6822603094682296
2024-06-06 00:00:00-04:00,175.4655053780146,176.7124177676284,175.31588197970035,176.29345703125,23251000,0.0,0.0,173.88941955566406,56.462256983101625,173.8614267312878,170.93155124709702,2.9298754841907737,3.5317833444127387
2024-06-07 00:00:00-04:00,176.6126821913265,177.4306488423003,173.8694748055341,174.02908325195312,19661400,0.0,0.0,174.28045349121095,46.02386335817389,173.88722004215938,171.16099806227155,2.726221979887839,3.370671071507759
2024-06-10 00:00:00-04:00,174.738135883723,176.82536261709976,172.53105780875313,174.778076171875,23779200,0.2,0.0,174.68761596679687,45.729429912871716,174.0242748313464,171.428929774094,2.5953450572523877,3.215605868656685
2024-06-11 00:00:00-04:00,175.98647672208472,176.60565022964852,173.53972647855818,176.3859405517578,21540600,0.0,0.0,175.29265747070312,47.517706379767006,174.387608019102,171.79611575762468,2.5914922614773275,3.090783147220814
2024-06-12 00:00:00-04:00,178.0137794277117,180.17092060846787,175.87661600934248,177.55438232421875,27864700,0.0,0.0,175.80818786621094,53.957138871137595,174.87480406604305,172.22265402181682,2.6521500442262322,3.003056526621898
2024-06-13 00:00:00-04:00,175.87662500412617,176.50579502366605,174.6482592294437,174.92788696289062,20913300,0.0,0.0,175.53507385253906,54.48340525827086,174.88297066555805,172.42304164708153,2.4599290184765152,2.894431024992822
2024-06-14 00:00:00-04:00,173.98912354652083,176.82535629960728,173.91920899654198,176.5557098388672,18063600,0.0,0.0,176.04039916992187,54.911696301297916,175.14031515375945,172.72916521684343,2.4111499369160185,2.7977748073774618
2024-06-17 00:00:00-04:00,175.22748702906168,178.12363785224758,174.57833926623164,177.005126953125,19618500,0.0,0.0,176.48580932617188,52.685176947779716,175.42720927673875,173.04590312323464,2.381306153504113,2.714481076602792
2024-06-18 00:00:00-04:00,176.90525762731892,177.15492633319684,173.8692928688135,174.85797119140625,21869900,0.0,0.0,176.18021545410156,48.55554870284174,175.33963418668762,173.18013038754364,2.1595037991439767,2.6034856211110293
2024-06-20 00:00:00-04:00,175.13760021564482,177.05505406231234,174.75811414213587,176.06637573242188,20160100,0.0,0.0,175.8826141357422,61.869095833199,175.45144057833906,173.3939263390161,2.0575142393229555,2.4942913447534147
2024-06-21 00:00:00-04:00,176.765448047575,180.61035230674923,176.37596546650445,179.3919677734375,58582700,0.0,0.0,176.77543029785156,67.10296957956871,176.05767553143113,173.83822570452878,2.2194498269023484,2.4393230411832016
2024-06-24 00:00:00-04:00,179.92125491541253,180.6502832497372,178.43322398339873,178.9824981689453,18298000,0.0,0.0,177.2607879638672,64.76264116125846,176.50764824489485,174.2192829241152,2.2883653207796613,2.4091314971024937
2024-06-25 00:00:00-04:00,179.38195814039298,184.045767509227,179.18222623318312,183.78611755371094,23235600,0.0,0.0,178.6169860839844,70.58694850415452,177.62741275394347,174.9279373411223,2.6994754128211866,2.4672002802462325
2024-06-26 00:00:00-04:00,182.38797855601,184.26547676585744,182.23816819701247,183.63632202148438,19839000,0.0,0.0,180.37265625,68.15110531712581,178.55186033356514,175.57300287300095,2.9788574605641998,2.569531716309826
2024-06-27 00:00:00-04:00,183.93592560969176,185.80345793178532,183.77614921582827,185.164306640625,18848900,0.0,0.0,182.19224243164064,68.43069025686808,179.5691597654205,176.2834698187509,3.2856899466696063,2.712763362381782
2024-06-28 00:00:00-04:00,184.0757529143438,184.88467709257833,181.71887969403932,181.9086151123047,29156600,0.0,0.0,182.69557189941406,65.72337327562741,179.92907597263346,176.70014724790303,3.228928724730423,2.8159964348515105
2024-07-01 00:00:00-04:00,182.78745310565412,183.6363328074632,181.05974991475895,182.7475128173828,16006100,0.0,0.0,183.44857482910157,65.84591971776888,180.36268164105644,177.14810025304968,3.2145813880067635,2.895713425482561
2024-07-02 00:00:00-04:00,181.8087471021279,185.32408660139896,181.31939097308685,184.99452209472656,17372500,0.0,0.0,183.69025573730468,66.69248676547342,181.07527248008262,177.7293166857665,3.3459557943161258,2.9857618992492743
2024-07-03 00:00:00-04:00,184.60504519904944,185.8433922139529,183.75616551293737,185.57376098632812,10242100,0.0,0.0,184.07774353027344,65.91361631312361,181.76734763488963,178.31038663395626,3.4569610009333758,3.080001719586095
2024-07-05 00:00:00-04:00,185.61370322103716,190.6070773362716,185.55378516982532,190.34742736816406,20967500,0.0,0.0,185.11436767578124,78.19571529256959,183.08735990154725,179.20201928093462,3.8853406206126238,3.2410694997914007
2024-07-08 00:00:00-04:00,189.6483374343796,189.91798389577082,187.53115174577567,188.7794952392578,21035900,0.0,0.0,186.48854370117186,72.40111717846445,183.9630730304258,179.91146194451412,4.051611085911674,3.4031778170154556
2024-07-09 00:00:00-04:00,190.057807857725,191.1064194956899,188.46991850688696,188.7295684814453,15121400,0.0,0.0,187.68495483398436,71.80530054288138,184.69638002289034,180.56465502132383,4.131725001566508,3.5488872539256664
2024-07-10 00:00:00-04:00,188.89932717256542,191.49588767717452,188.7794910761756,190.9266357421875,15952500,0.0,0.0,188.87137756347656,79.82937582074433,185.65488090278222,181.33220914879522,4.322671753987009,3.703644153937935
2024-07-11 00:00:00-04:00,189.59842375980418,190.60707985854427,184.83474052403432,185.3240966796875,25625800,0.0,0.0,188.82144470214843,64.77527104824804,185.6039910223061,181.6279045214539,3.9760865008522046,3.758132623320789
2024-07-12 00:00:00-04:00,184.83473406974653,186.86204269748123,184.24551959418326,184.8247528076172,22898400,0.0,0.0,187.71690979003907,59.530472145740795,185.48410822004627,181.86470809820673,3.619400121839533,3.730386123024538
2024-07-15 00:00:00-04:00,184.67493938335474,187.9905469835248,184.67493938335474,186.28280639648438,16474000,0.0,0.0,187.2175720214844,62.35214719934898,185.6069848625752,182.19197463881991,3.4150102237552744,3.6673109431706856
2024-07-16 00:00:00-04:00,187.11171332151957,188.42995614885075,183.1269953371252,183.67626953125,18290700,0.0,0.0,186.2069122314453,49.79920798861574,185.309951734679,182.30192240862957,3.0080293260494386,3.5354546197464365
2024-07-17 00:00:00-04:00,182.72753370807445,183.3067669344379,179.66159468485964,180.78012084960938,20734100,0.0,0.0,184.1776092529297,45.25548555334081,184.61305467543752,182.18919636722066,2.4238583082168645,3.313135357440522
2024-07-18 00:00:00-04:00,181.68890023555213,182.2581521897809,176.23614432555468,177.45452880859375,25315700,0.0,0.0,182.60369567871095,37.91481618259087,183.5117430036154,181.8384802517668,1.673262751848597,2.985160836322137
2024-07-19 00:00:00-04:00,178.64296033005778,180.0510802737329,176.89527935932878,177.42457580566406,18881900,0.0,0.0,181.1236602783203,42.18043024051618,182.57525574239213,181.5115243668703,1.0637313755218258,2.600874944162075
2024-07-22 00:00:00-04:00,180.35067440681686,182.45787879683022,179.99115087738343,181.4292449951172,24100300,0.0,0.0,180.15294799804687,47.929704761147065,182.39894639665752,181.5054295985923,0.8935167980652352,2.259403314942707
2024-07-23 00:00:00-04:00,181.80875272844077,183.3666829983277,181.29941882119968,181.54908752441406,36352700,0.0,0.0,179.72751159667968,44.20165702159305,182.26819887785084,181.50866351902351,0.7595353588273213,1.9594297237196299
2024-07-24 00:00:00-04:00,173.36994560122014,175.95650958981648,171.59230573551113,172.40122985839844,49585200,0.0,0.0,178.0517333984375,32.79410809192633,180.75020364408894,180.83403880342166,-0.08383515933272179,1.5507767471091598
2024-07-25 00:00:00-04:00,172.29138052237903,173.19018174569757,166.96844201717863,167.05831909179688,44852000,0.0,0.0,175.9724914550781,20.025632696731734,178.64375986681324,179.8136151210791,-1.1698552542658547,1.006650346834157
2024-07-26 00:00:00-04:00,166.92848164345065,167.86723836504683,163.8425802626385,166.7786865234375,41336900,0.0,0.0,173.84331359863282,20.712506048050457,176.81836396783234,178.84806485458714,-2.029700886754796,0.3993801001163664
2024-07-29 00:00:00-04:00,168.6062742908566,170.204144884371,167.7673910863689,169.3053436279297,20293800,0.0,0.0,171.4185333251953,25.74203880401791,175.6625146847704,178.14119661557547,-2.4786819308050667,-0.17623230606792023
2024-07-30 00:00:00-04:00,170.01440950376085,171.00308783835192,168.21679175191073,170.0643310546875,18959700,0.0,0.0,169.12158203125,22.97539616841516,174.80125566475766,177.54291027773192,-2.7416546129742585,-0.6893167674491879
2024-07-31 00:00:00-04:00,173.0104271911881,174.01908324953334,169.78469662747654,171.3126678466797,25729100,0.0,0.0,168.90386962890625,29.54208735305218,174.26454984659182,177.08141083839473,-2.816860991802912,-1.1148256123199327
2024-08-01 00:00:00-04:00,170.024387993059,173.81935535427417,168.6562083669017,170.53370666503906,24531400,0.0,0.0,169.59894714355468,29.30282059282922,173.69057397250677,176.59639571444245,-2.905821741935682,-1.4730248382430826
2024-08-02 00:00:00-04:00,166.21943827132955,168.2866872096547,164.45177958597304,166.43914794921875,29130100,0.0,0.0,169.53103942871093,23.300169174167266,172.574969968924,175.84400699109253,-3.2690370221685328,-1.8322272750281727
2024-08-05 00:00:00-04:00,155.2939402342217,164.2120993910372,154.72468825132592,159.03897094726562,53630700,0.0,0.0,167.47776489257814,20.637923183571203,170.49250858097656,174.5991895063646,-4.106680925388048,-2.287118005100148
2024-08-06 00:00:00-04:00,159.11886106034058,160.3572233242791,156.20273241161613,158.08023071289062,49004600,0.0,0.0,165.08094482421876,21.63710379150642,168.5829273705018,173.37556292907024,-4.792635558568435,-2.7882215157938055
2024-08-07 00:00:00-04:00,161.0363063938684,162.76400947628738,158.25999175698507,158.7293701171875,25138600,0.0,0.0,162.5642852783203,24.92642437586376,167.06699548537654,172.29065975781967,-5.223664272443131,-3.2753100671236703
2024-08-08 00:00:00-04:00,160.29728713235718,163.47308092972898,159.99769688233283,161.81527709960938,25578800,0.0,0.0,160.8205993652344,30.679828678292836,166.25903881064312,171.51470548684114,-5.255666676198018,-3.6713813889385403
2024-08-09 00:00:00-04:00,159.79795615821598,163.57294584604068,158.8492181049867,163.45310974121094,28602300,0.0,0.0,160.2233917236328,26.365563751452484,165.82735741534586,170.91755024642407,-5.0901928310782125,-3.955143677366475
2024-08-12 00:00:00-04:00,164.13220346738748,164.68146239642743,161.62552005846075,162.07492065429688,15895300,0.0,0.0,160.83058166503906,25.216067759035667,165.25005945210756,170.26254064700723,-5.012481194899664,-4.1666111808731126
2024-08-13 00:00:00-04:00,163.19345300516065,164.51169581936622,162.75403365423605,163.9424591064453,18551700,0.0,0.0,162.00302734375,36.78629588949147,165.04889016815952,169.79438645881746,-4.74549629065794,-4.282388202830078
2024-08-14 00:00:00-04:00,162.18477930150115,163.00369994129383,157.50100735121106,160.157470703125,40591100,0.0,0.0,162.2886474609375,38.66842591608921,164.29636409661575,169.08054084728468,-4.784176750668934,-4.38274591239785
2024-08-15 00:00:00-04:00,160.28729981590126,161.4257884386958,159.39847988440874,161.08624267578125,31524300,0.0,0.0,162.14284057617186,40.8478035808036,163.8024992626412,168.4883706123585,-4.685871349717303,-4.44337099986174
2024-08-16 00:00:00-04:00,161.2560181621834,164.8412569699406,160.91647239378383,162.74404907226562,24208600,0.0,0.0,162.00102844238282,39.14768651928755,163.6396607718142,168.06286531309235,-4.423204541278153,-4.439337708145023
2024-08-19 00:00:00-04:00,165.06096983389187,166.46910496007789,164.04231727042026,166.44912719726562,22416200,0.0,0.0,162.87586975097656,44.55148135610682,164.0718863757298,167.94332915636443,-3.8714427806346237,-4.325758722642943
2024-08-20 00:00:00-04:00,166.6788225848178,168.41652227024488,166.59894200857224,166.9584503173828,18341500,0.0,0.0,163.47906799316405,43.28819564661077,164.51597313598413,167.8703751682917,-3.3544020323075756,-4.13148738457587
2024-08-21 00:00:00-04:00,164.93113396838285,166.62889328674834,164.45177434035514,165.63021850585938,22902000,0.0,0.0,164.57361755371093,42.56738284818731,164.68739550058032,167.70443763774117,-3.0170421371608427,-3.9085983350928646
2024-08-22 00:00:00-04:00,167.0383377133396,167.36790221837418,163.09357539194556,163.5829315185547,22493300,0.0,0.0,165.0729553222656,45.38411802217281,164.51747796488408,167.39914088817181,-2.8816629232877347,-3.703211252731839
2024-08-23 00:00:00-04:00,164.5017114859788,165.9597681356595,163.61289153859136,165.4005126953125,13955700,0.0,0.0,165.604248046875,62.54424531129081,164.65332946187306,167.25109435536743,-2.5977648934943716,-3.482121980884346
2024-08-26 00:00:00-04:00,166.15951374647685,167.32796140323194,164.2420600093479,165.93980407714844,14190400,0.0,0.0,165.50238342285155,65.75888057596393,164.85124863345388,167.15396174216605,-2.302713108712169,-3.2462402064499107
2024-08-27 00:00:00-04:00,165.62022791906145,166.2194389044176,164.24206703445174,164.46176147460938,11821900,0.0,0.0,165.00304565429687,61.124001535006684,164.79132753209316,166.9545395001248,-2.1632119680316464,-3.029634558766258
2024-08-28 00:00:00-04:00,164.82128611216484,165.3805568135415,161.31594296869815,162.6342010498047,16407400,0.0,0.0,164.40384216308593,51.670760370456854,164.4594619194334,166.63451442973073,-2.17505251029732,-2.8587181490724705
2024-08-29 00:00:00-04:00,164.09225889401242,165.75006276921926,160.03764152201563,161.56561279296875,19699800,0.0,0.0,164.00037841796876,46.05757579427582,164.01425436151578,166.25904023441504,-2.244785872899257,-2.735931693837828
2024-08-30 00:00:00-04:00,162.40449530446978,163.44312565695907,161.47573503093597,163.1634979248047,22123800,0.0,0.0,163.5529754638672,52.253039223302935,163.8833687558679,166.02974080407353,-2.1463720482056203,-2.6180197647113865
2024-09-03 00:00:00-04:00,161.50569692667838,161.63552953268888,156.27263526031015,157.15147399902344,38945300,0.0,0.0,161.7953094482422,38.002835839403076,162.84769263943028,165.37209141110685,-2.524398771676573,-2.599295566104424
2024-09-04 00:00:00-04:00,156.4524042027692,158.78929967277236,155.75333486198645,156.24267578125,19353800,0.0,0.0,160.1514923095703,42.301672651854126,161.83153619971026,164.69583840148783,-2.8643022017775763,-2.652296893239055
2024-09-05 00:00:00-04:00,156.09287471697405,159.2386942501979,155.7732914655825,157.03163146972656,18688700,0.0,0.0,159.03097839355468,41.982641522641266,161.0930893181743,164.12811936950553,-3.0350300513312334,-2.7288435248574907
2024-09-06 00:00:00-04:00,157.09155141545696,157.62084784821448,150.3504964155697,150.72000122070312,37912100,0.0,0.0,156.86185607910156,29.91994561112567,159.49722961087105,163.1349254325572,-3.637695821686151,-2.910613984223223
2024-09-09 00:00:00-04:00,152.50999450683594,153.39999389648438,147.22000122070312,148.7100067138672,39260500,0.2,0.0,153.97115783691407,18.597983768368366,157.83765685748585,162.06641293487647,-4.228756077390614,-3.1742424028567013
2024-09-10 00:00:00-04:00,150.4499969482422,151.27000427246094,148.33999633789062,148.66000366210938,31118800,0.0,0.0,152.27286376953126,17.072392536965083,156.42571021204333,161.07334558133817,-4.647635369294846,-3.468920996144331
2024-09-11 00:00:00-04:00,149.9199981689453,151.5,147.52000427246094,151.16000366210938,29607700,0.0,0.0,151.25632934570314,25.014859561337317,155.6156015120535,160.3390239576916,-4.723422445638107,-3.7198212860430866
2024-09-12 00:00:00-04:00,153.8000030517578,154.82000732421875,152.64999389648438,154.69000244140625,29695000,0.0,0.0,150.78800354003906,35.39286163637084,155.47320165503083,159.92057791944825,-4.447376264417414,-3.8653322817179525
2024-09-13 00:00:00-04:00,155.42999267578125,158.3800048828125,155.2100067138672,157.4600067138672,29591200,0.0,0.0,152.13600463867186,37.35297277040397,155.77886397177488,159.7383133857015,-3.9594494139266203,-3.8841557081596862
2024-09-16 00:00:00-04:00,157.30999755859375,158.25,156.60000610351562,158.05999755859375,18379800,0.0,0.0,154.0060028076172,37.47387008904424,156.12980760051624,159.61399369480463,-3.4841860942883898,-3.8041617853854275
2024-09-17 00:00:00-04:00,159.02000427246094,160.5500030517578,158.3800048828125,159.32000732421875,20715600,0.0,0.0,156.13800354003905,41.7693593597799,156.62060755800894,159.59221692661308,-2.9716093686041347,-3.637651302029169
2024-09-18 00:00:00-04:00,159.86000061035156,160.5,158.60000610351562,159.80999755859375,23677300,0.0,0.0,157.86800231933594,45.27691568842704,157.1112829427143,159.6083488252783,-2.4970658825640157,-3.4095342181361388
2024-09-19 00:00:00-04:00,163.7100067138672,163.7899932861328,161.33999633789062,162.13999938964844,26587700,0.0,0.0,159.35800170898438,50.92169407777949,157.88493162685802,159.79587849671313,-1.9109468698551098,-3.109816748479933
2024-09-20 00:00:00-04:00,163.5,163.72999572753906,162.05999755859375,163.58999633789062,40896400,0.0,0.0,160.58399963378906,50.68764782669238,158.7626338900938,160.07692426272627,-1.3142903726324562,-2.750711473310438
2024-09-23 00:00:00-04:00,164.35000610351562,165.49000549316406,161.6699981689453,161.85000610351562,24150900,0.0,0.0,161.34200134277344,58.78579609231045,159.23761423062024,160.20826365834031,-0.9706494277200761,-2.394699064192366
2024-09-24 00:00:00-04:00,163.02999877929688,163.22000122070312,160.69000244140625,162.2899932861328,23332100,0.0,0.0,161.93599853515624,61.50968799425208,159.7072110083914,160.36246585299162,-0.655254844600222,-2.046810220273937
2024-09-25 00:00:00-04:00,161.47000122070312,162.80999755859375,161.3000030517578,161.49000549316406,18869200,0.0,0.0,162.27200012207032,58.48193498568849,159.98148708297182,160.4459873078192,-0.4645002248473702,-1.7303482211886239
2024-09-26 00:00:00-04:00,163.63999938964844,164.0800018310547,162.27999877929688,162.72999572753906,20319300,0.0,0.0,162.38999938964844,78.3121764873041,160.4043345667514,160.61517311668734,-0.21083854993594286,-1.4264462869380878
2024-09-27 00:00:00-04:00,162.80999755859375,165.6999969482422,162.6300048828125,163.9499969482422,21101300,0.0,0.0,162.46199951171874,87.31641960123804,160.94982108698073,160.86219710420994,0.08762398277079342,-1.1236322329963115
2024-09-30 00:00:00-04:00,163.32000732421875,166.14999389648438,163.25999450683594,165.85000610351562,20413900,0.0,0.0,163.26199951171876,88.59459918710996,161.7036957049092,161.23166443749184,0.4720312674173499,-0.8044995329135793
2024-10-01 00:00:00-04:00,167.69000244140625,169.16000366210938,164.5800018310547,166.99000549316406,28338100,0.0,0.0,164.202001953125,87.85278267310295,162.51697413387149,161.6582082193935,0.8587659144779991,-0.4718464434352637
2024-10-02 00:00:00-04:00,166.4199981689453,167.52000427246094,164.72999572753906,165.86000061035156,17760200,0.0,0.0,165.0760009765625,80.17293327914571,163.0312858994838,161.9694521002052,1.0618337992786167,-0.16511039489248763
2024-10-03 00:00:00-04:00,164.41000366210938,166.63999938964844,163.9199981689453,165.86000061035156,15073100,0.0,0.0,165.702001953125,76.68365754303784,163.46647277807887,162.25764087873455,1.2088318993443181,0.1096780639548735
2024-10-04 00:00:00-04:00,168.05999755859375,168.22999572753906,165.47999572753906,167.05999755859375,19047400,0.0,0.0,166.32400207519532,77.53983728904727,164.01932274431192,162.61337100316857,1.4059517411433546,0.36893279939256973
2024-10-07 00:00:00-04:00,167.72000122070312,168.47999572753906,162.75,162.97999572753906,22463100,0.0,0.0,165.75,59.55113895642714,163.85942628019302,162.64052839015898,1.218897890034043,0.5389258175208644
2024-10-08 00:00:00-04:00,163.94000244140625,164.72999572753906,162.8699951171875,164.3800048828125,23072700,0.0,0.0,165.22799987792968,61.38518337177812,163.93951529598064,162.7693785007259,1.1701367952547344,0.6651680130676384
2024-10-09 00:00:00-04:00,163.4499969482422,164.83999633789062,159.74000549316406,161.86000061035156,31181800,0.0,0.0,164.4279998779297,49.30898552296427,163.61958995973,162.702017175513,0.9175727842170147,0.7156489672975137
2024-10-10 00:00:00-04:00,160.8699951171875,163.07000732421875,160.39999389648438,162.0800018310547,14144100,0.0,0.0,163.6720001220703,46.0325911338581,163.3827302476261,162.65594196481237,0.7267882828137431,0.7178768304007597
2024-10-11 00:00:00-04:00,162.1300048828125,163.89999389648438,161.24000549316406,163.24000549316406,15344300,0.0,0.0,162.9080017089844,53.766936638384834,163.3607725930935,162.69920592987543,0.6615666632180535,0.7066147969642185
2024-10-14 00:00:00-04:00,163.63999938964844,166.22999572753906,163.39999389648438,164.9600067138672,19016100,0.0,0.0,163.30400390625,56.76637592747556,163.60680861167407,162.86667265461554,0.7401359570585271,0.7133190289830802
2024-10-15 00:00:00-04:00,165.7899932861328,167.67999267578125,164.6300048828125,165.4600067138672,20247200,0.0,0.0,163.52000427246094,60.216151522814336,163.89191601201148,163.05877147381935,0.8331445381921299,0.7372841308248902
2024-10-16 00:00:00-04:00,164.52999877929688,165.8000030517578,163.74000549316406,165.16000366210938,16406000,0.0,0.0,164.1800048828125,56.57112818265618,164.08700641971885,163.21441830258158,0.8725881171372691,0.764344928087366
2024-10-17 00:00:00-04:00,165.72999572753906,166.3699951171875,162.75999450683594,162.92999267578125,21453400,0.0,0.0,164.35000305175782,47.38461056922975,163.9090043052669,163.19334973763338,0.7156545676335213,0.754606855996597
2024-10-18 00:00:00-04:00,163.19000244140625,164.7100067138672,163.0800018310547,163.4199981689453,19757700,0.0,0.0,164.38600158691406,43.28357579484273,163.83377259198664,163.21013851032313,0.6236340816635106,0.7284123011299798
2024-10-21 00:00:00-04:00,162.9499969482422,164.5,162.6199951171875,164.07000732421875,20946500,0.0,0.0,164.20800170898437,41.70457510900032,163.87011639694543,163.2738324965376,0.5962839004078262,0.7019866209855491
2024-10-22 00:00:00-04:00,162.97999572753906,165.77000427246094,162.97999572753906,165.13999938964844,16568100,0.0,0.0,164.1440002441406,47.94754955180669,164.06548301120742,163.41206708121248,0.6534159299949351,0.6922724827874263
2024-10-23 00:00:00-04:00,164.75999450683594,165.82000732421875,161.92999267578125,162.77999877929688,18280500,0.0,0.0,163.66799926757812,42.261317359943384,163.8677162062981,163.36524720699651,0.5024689993015841,0.6543117860902579
2024-10-24 00:00:00-04:00,162.8300018310547,163.3300018310547,161.00999450683594,162.72000122070312,22412500,0.0,0.0,163.6260009765625,38.43287041932298,163.69114467005272,163.31745120801182,0.3736934620409045,0.5981881212803872
2024-10-25 00:00:00-04:00,163.6699981689453,165.58999633789062,163.4199981689453,165.27000427246094,19805000,0.0,0.0,163.99600219726562,56.64539474383363,163.9340461473463,163.46208476834138,0.47196137900490953,0.5729427728252917
